{
  "project_info": {
    "project_number": "757870000000",
    "project_id": "wesata-b5ab7",
    "storage_bucket": "wesata-b5ab7.appspot.com"
  },
  "client": [
    {
      "client_info": {
        "mobilesdk_app_id": "1:757870000000:android:f0f2af4e8ddc88f53787a0",
        "android_client_info": {
          "package_name": "com.app.properti"
        }
      },
      "oauth_client": [
        {
          "client_id": "757870000000-8m76fq7jtqs46rm75131hm3gqajmr50o.apps.googleusercontent.com",
          "client_type": 3
        }
      ],
      "api_key": [
        {
          "current_key": "AIzaSyDSU7g6MnREzXXXXXXXXXXXXXXXXXXXXXX"
        }
      ],
      "services": {
        "appinvite_service": {
          "other_platform_oauth_client": [
            {
              "client_id": "757870000000-8m76fq7jtqs46rm75131hm3gqajmr50o.apps.googleusercontent.com",
              "client_type": 3
            }
          ]
        }
      }
    }
  ],
  "configuration_version": "1"
}